{
  "norm_stats": {
    "state": {
      "mean": [
        -0.14039748907089233,
        -1.3484424352645874,
        1.7303194999694824,
        -1.9607689380645752,
        -1.5383076667785645,
        3.0448086261749268,
        0.3498806059360504
      ],
      "std": [
        0.2181611955165863,
        0.2652711272239685,
        0.3385007679462433,
        0.2558850049972534,
        0.01872735284268856,
        0.44296878576278687,
        0.4769320487976074
      ],
      "q01": [
        -0.6963696158409118,
        -1.8630644080162049,
        1.018574175262451,
        -2.499116299009323,
        -1.5947239719390869,
        1.886373391032219,
        0.0
      ],
      "q99": [
        0.25097064619064335,
        -0.7928005075573921,
        2.532418725681305,
        -1.5240699074983597,
        -1.4850272428512574,
        4.3265556143283845,
        0.9998
      ]
    },
    "actions": {
      "mean": [
        0.0004232871870044619,
        -0.0009714345214888453,
        0.0011034493800252676,
        -0.0002321347128599882,
        0.00008167023042915389,
        0.0006102531333453953,
        0.349880188703537
      ],
      "std": [
        0.02178766392171383,
        0.029664134606719017,
        0.04008353501558304,
        0.04130653291940689,
        0.003856669645756483,
        0.025624606758356094,
        0.4769318997859955
      ],
      "q01": [
        -0.06268011636734008,
        -0.08771963719129562,
        -0.11375967016220093,
        -0.10887812755107878,
        -0.013511640834808353,
        -0.06694378275871277,
        0.0
      ],
      "q99": [
        0.07201664962768553,
        0.08328311475515365,
        0.11845039224624637,
        0.11758189454078677,
        0.014471510601043694,
        0.07473867697715761,
        0.9998
      ]
    }
  }
}